Id,Name,E_Mail,Gender,Statue,created_at,updated_at
1,Dhatri Chattopadhyay,chattopadhyay_dhatri@ledner.biz,Male,Inactive,2021-01-04T03:50:03.384+05:30,2021-01-04T03:50:03.384+05:30
2,Vasudev Arora,arora_vasudev@carroll.net,Female,Active,2021-01-04T03:50:03.411+05:30,2021-01-04T03:50:03.411+05:30
3,Prof. Jitendra Desai,desai_jitendra_prof@koss.biz,Female,Active,2021-01-04T03:50:03.426+05:30,2021-01-04T03:50:03.426+05:30
4,Gov. Nagabhushanam Varma,varma_gov_nagabhushanam@damore.co,Female,Active,2021-01-04T03:50:03.433+05:30,2021-01-04T03:50:03.433+05:30
5,Ganesh Nayar,ganesh_nayar@sanford.com,Male,Active,2021-01-04T03:50:03.458+05:30,2021-01-04T03:50:03.458+05:30
6,Rudra Menon DVM,dvm_rudra_menon@king.co,Female,Inactive,2021-01-04T03:50:03.464+05:30,2021-01-04T03:50:03.464+05:30
7,Krishna Devar,devar_krishna@schmidt.com,Female,Active,2021-01-04T03:50:03.469+05:30,2021-01-04T03:50:03.469+05:30
8,Chandni Shah,chandni_shah@harber.co,Female,Active,2021-01-04T03:50:03.474+05:30,2021-01-04T03:50:03.474+05:30
9,Adityanandana Reddy,adityanandana_reddy@kovacek.com,Male,Inactive,2021-01-04T03:50:03.491+05:30,2021-01-04T03:50:03.491+05:30
10,Asha Kaniyar,asha_kaniyar@brekke.org,Male,Active,2021-01-04T03:50:03.508+05:30,2021-01-04T03:50:03.508+05:30
11,Dhyaneshwar Arora,dhyaneshwar_arora@shanahan.info,Female,Active,2021-01-04T03:50:03.515+05:30,2021-01-04T03:50:03.515+05:30
12,Mrs. Amaresh Saini,saini_amaresh_mrs@casper.co,Male,Inactive,2021-01-04T03:50:03.547+05:30,2021-01-04T03:50:03.547+05:30
13,Rajan Prajapat,rajan_prajapat@lemke.org,Female,Active,2021-01-04T03:50:03.551+05:30,2021-01-04T03:50:03.551+05:30
14,Chakravarti Saini DDS,saini_dds_chakravarti@haag.org,Male,Inactive,2021-01-04T03:50:03.556+05:30,2021-01-04T03:50:03.556+05:30
15,Gatik Devar,gatik_devar@zulauf.io,Female,Active,2021-01-04T03:50:03.579+05:30,2021-01-04T03:50:03.579+05:30
16,Bhushan Malik,malik_bhushan@will.com,Male,Inactive,2021-01-04T03:50:03.591+05:30,2021-01-04T03:50:03.591+05:30
17,Gajaadhar Arora,arora_gajaadhar@quitzon.info,Female,Active,2021-01-04T03:50:03.611+05:30,2021-01-04T03:50:03.611+05:30
18,Msgr. Durga Somayaji,durga_msgr_somayaji@jakubowski-waelchi.name,Male,Inactive,2021-01-04T03:50:03.631+05:30,2021-01-04T03:50:03.631+05:30
19,Samir Asan MD,samir_md_asan@gleason.org,Male,Active,2021-01-04T03:50:03.654+05:30,2021-01-04T03:50:03.654+05:30
20,Anuraag Mahajan,mahajan_anuraag@murazik.biz,Female,Inactive,2021-01-04T03:50:03.680+05:30,2021-01-04T03:50:03.680+05:30
